company_id,company_name,roce_percentage,roe_percentage,latest_financial_year,latest_sales,latest_operating_profit,latest_net_profit,latest_eps,operating_margin_percentage,net_profit_margin_percentage,latest_reserves,latest_borrowings,latest_total_liabilities,latest_total_assets,debt_to_asset_ratio,latest_operating_cash_flow,latest_net_cash_flow,compounded_sales_growth,compounded_profit_growth,stock_price_cagr,roe,sales_growth_score,profit_growth_score,stock_cagr_score,roe_score,roce_score,profit_margin_score,cash_flow_score,debt_score,financial_health_score,financial_rating,company_rank
ITC,ITC Ltd,34.76,29.47,,75135,26640.0,20829,16.0,35.456178878019564,27.722100219604712,74015.0,304.0,94071.0,94071.0,0.003231601662574013,17179.0,191.0,,,,,,,,86.66666666666667,87.91208791208791,89.13043478260869,76.92307692307693,87.91208791208791,85.71,EXCELLENT,1
COALINDIA,Coal India Ltd,63.6,52.0,,140328,93717.0,34350,56.0,66.78424833247819,24.47836497349068,90034.0,7816.0,249359.0,249359.0,0.03134436695687744,18103.0,-282.0,,,,,,,,95.55555555555556,95.6043956043956,83.69565217391305,78.02197802197803,71.42857142857143,84.86,EXCELLENT,2
INFY,Infosys Ltd,40.0,31.8,,159988,38145.0,27687,67.0,23.842413180988576,17.30567292546941,88391.0,8804.0,141870.0,141870.0,0.062056812574892505,25210.0,2613.0,,,,,,,,88.88888888888889,90.10989010989012,65.21739130434783,86.81318681318682,64.83516483516483,79.17,STRONG,3
ABB,Abbott India Ltd,46.0,34.9,,6066,1547.0,1285,605.0,25.502802505769868,21.183646554566433,3500.0,60.0,5063.0,5063.0,0.011850681414181316,6038.0,551.0,,,,,,,,91.11111111111111,92.3076923076923,75.0,52.197802197802204,82.41758241758242,78.61,STRONG,4
LICI,Life Insurance Corporation of India,63.79,63.61,,896106,25851.0,41468,,2.8848149660866014,4.627577541049831,91312.0,10.0,5719121.0,5719121.0,1.7485204457118497e-06,26122.0,-3574.0,,,,,,,,98.88888888888889,96.7032967032967,13.043478260869565,87.91208791208791,94.50549450549451,78.21,STRONG,5
IRCTC,Indian Railway Catering & Tourism Corporation Ltd,53.8,40.4,,4455,1505.0,1200,15.0,33.78226711560045,26.936026936026934,3363.0,42.0,6800.0,6800.0,0.006176470588235294,882.0,262.0,,,,,,,,92.22222222222223,94.5054945054945,86.95652173913044,19.78021978021978,85.71428571428572,75.84,STRONG,6
NESTLEIND,Nestle India Ltd,185.43,135.61,,19786,4726.0,3323,34.0,23.88557565955726,16.794703325583747,3894.0,370.0,11108.0,11108.0,0.03330932661145121,4175.0,-198.0,,,,,,,,100.0,100.0,61.95652173913043,43.956043956043956,70.32967032967034,75.25,STRONG,7
HAL,Hindustan Aeronautics Ltd,38.9,28.9,,31154,9954.0,8472,127.0,31.950953328625538,27.193939783013416,202.0,124.0,476.0,476.0,0.2605042016806723,8226.0,-185.0,,,,,,,,85.55555555555556,89.01098901098901,88.04347826086956,62.637362637362635,41.75824175824175,73.4,STRONG,8
ADANIPOWER,Adani Power Ltd,32.2,57.1,,54650,20965.0,12686,33.0,38.36230558096981,23.213174748398902,52097.0,37705.0,110784.0,110784.0,0.34034698151357595,14170.0,787.0,,,,,,,,97.22222222222221,83.51648351648352,80.43478260869566,70.32967032967034,35.16483516483517,73.33,STRONG,9
EICHERMOT,Eicher Motors Ltd,31.1,24.2,,17091,4472.0,4268,156.0,26.165818266924113,24.972207594640455,18952.0,404.0,24380.0,24380.0,0.01657095980311731,3724.0,45.0,,,,,,,,78.33333333333333,81.31868131868131,85.86956521739131,41.75824175824176,79.12087912087912,73.28,STRONG,10
HCLTECH,HCL Technologies Ltd,29.6,23.3,,115308,25139.0,17085,63.0,21.801609602109135,14.816838380684775,68332.0,5791.0,99763.0,99763.0,0.05804757274741137,22448.0,376.0,,,,,,,,76.66666666666667,79.12087912087912,54.347826086956516,84.61538461538461,67.03296703296704,72.36,STRONG,11
HINDUNILVR,Hindustan Unilever Ltd,27.2,20.2,,62661,47902.0,10757,46.0,76.44627439715293,17.16697786501971,50541.0,1651.0,80765.0,80765.0,0.02044202315359376,15469.0,111.0,,,,,,,,68.33333333333333,76.92307692307693,64.13043478260869,73.62637362637363,76.92307692307692,71.99,STRONG,12
ASIANPAINT,"Asian Paints
Indian Multi-National Paint and Coating Manufacturing Company",41.75,31.45,,34831,6681.0,4631,48.0,19.181189170566448,13.295627458298643,17928.0,2516.0,29474.0,29474.0,0.08536337110673814,6104.0,573.0,,,,,,,,87.77777777777777,91.20879120879121,50.0,53.84615384615385,60.43956043956044,68.65,STRONG,13
BAJAJ-AUTO,Bajaj Auto Ltd,33.5,26.5,,48900,9143.0,7371,263.0,18.697341513292436,15.073619631901842,30700.0,5245.0,45842.0,45842.0,0.11441472885127175,6558.0,319.0,,,,,,,,83.33333333333334,84.61538461538461,55.434782608695656,57.14285714285714,56.043956043956044,67.31,STRONG,14
TCS,Tata Consultancy Services Ltd,64.3,0.52,,252082,67591.0,49006,135.0,26.813100499043962,19.440499519997463,101133.0,9046.0,161124.0,161124.0,0.05614309475931581,44338.0,1893.0,,,,,,,,1.1111111111111112,97.8021978021978,71.73913043478261,93.4065934065934,68.13186813186813,66.44,STRONG,15
INDIGO,Interglobe Aviation Ltd,24.5,,,76476,60568.0,6074,157.0,79.1987028610283,7.942361002144463,905.0,20.0,1239.0,1239.0,0.016142050040355124,21183.0,-555.0,,,,,,,,,71.42857142857143,29.347826086956523,82.41758241758241,80.21978021978022,65.85,STRONG,16
SUNPHARMA,Sun Pharmaceuticals Industries Ltd,17.3,16.7,,50308,14059.0,11117,46.0,27.94585354218017,22.09787707720442,68875.0,2572.0,88116.0,88116.0,0.029188796586318035,12135.0,4662.0,,,,,,,,50.55555555555556,53.84615384615385,79.34782608695652,67.03296703296702,74.72527472527473,65.1,STRONG,17
LTIM,LTIMindtree Ltd,34.1,26.04,,37129,6434.0,4574,154.0,17.32877265749145,12.319211398098522,21045.0,2326.0,28761.0,28761.0,0.08087340495810298,5670.0,-518.0,,,,,,,,81.11111111111111,85.71428571428571,45.65217391304348,49.45054945054945,62.08791208791209,64.8,GOOD,18
PIDILITIND,Pidilite Industries Ltd,29.7,22.8,,12901,2952.0,1973,38.0,22.88194713588094,15.29338810944888,8664.0,379.0,12755.0,12755.0,0.029713837710701685,2724.0,212.0,,,,,,,,75.55555555555556,80.21978021978022,56.52173913043478,37.362637362637365,73.62637362637362,64.66,GOOD,19
BEL,Bharat Electronics Ltd,34.6,26.3,,21575,5708.0,4541,6.0,26.45654692931634,21.047508690614137,80.0,78.0,225.0,225.0,0.3466666666666667,4659.0,-2739.0,,,,,,,,82.22222222222221,86.81318681318682,73.91304347826086,46.15384615384615,34.06593406593407,64.63,GOOD,20
MARUTI,Maruti Suzuki India Ltd,23.67,15.75,,145213,19766.0,14021,446.0,13.611728977433149,9.655471617554902,88969.0,158.0,121696.0,121696.0,0.0012983171180646859,16801.0,874.0,,,,,,,,46.666666666666664,68.13186813186813,35.869565217391305,75.82417582417582,91.20879120879121,63.54,GOOD,21
DRREDDY,Dr Reddys Laboratories Ltd,26.5,21.4,,31229,8311.0,5448,64.0,26.61308399244292,17.44532325722886,30666.0,4854.0,46728.0,46728.0,0.10387776065742167,4543.0,133.0,,,,,,,,71.11111111111111,74.72527472527473,67.3913043478261,45.05494505494506,58.24175824175824,63.3,GOOD,22
BPCL,Bharat Petroleum Corporation Ltd,32.1,41.9,,445601,26554.0,13734,32.0,5.9591428205951065,3.082129528434631,72835.0,58880.0,211226.0,211226.0,0.27875356253491523,35936.0,-12.0,,,,,,,,93.33333333333333,82.41758241758241,10.869565217391305,90.10989010989012,39.56043956043956,63.26,GOOD,23
POWERGRID,Power Grid Corporation of India Ltd,13.2,19.0,,45812,39235.0,15712,17.0,85.64349951977648,34.296690823365054,82760.0,122568.0,255297.0,255297.0,0.4800996486445199,37290.0,-1728.0,,,,,,,,63.33333333333333,43.956043956043956,94.56521739130434,91.20879120879121,21.97802197802197,63.01,GOOD,24
TATAMOTORS,Tata Motors Ltd,20.1,49.4,,440061,60497.0,33816,99.0,13.747412290568809,7.684389209677748,100326.0,106549.0,390656.0,390656.0,0.27274379505242463,67915.0,8128.0,,,,,,,,94.44444444444444,57.14285714285714,28.26086956521739,94.5054945054945,40.65934065934066,63.0,GOOD,25
HEROMOTOCO,Hero MotoCorp Ltd,29.1,22.0,,40098,34537.0,4133,207.0,86.13147787919597,10.307247244251585,18971.0,588.0,29261.0,29261.0,0.020095007005912307,4923.0,379.0,,,,,,,,72.22222222222221,78.02197802197803,38.04347826086957,47.25274725274725,78.02197802197801,62.71,GOOD,26
BRITANNIA,Britannia Industries Ltd,48.9,57.1,,17244,3136.0,2129,89.0,18.186035722570168,12.346323358849455,3186.0,2754.0,9467.0,9467.0,0.29090524981514737,2573.0,219.0,,,,,,,,97.22222222222221,93.4065934065934,46.73913043478261,36.26373626373626,38.46153846153846,62.42,GOOD,27
CIPLA,Cipla Ltd,22.8,16.8,,26981,20075.0,4987,62.0,74.40421037026054,18.48337719135688,28201.0,461.0,34655.0,34655.0,0.013302553744048477,4134.0,-49.0,,,,,,,,52.22222222222223,65.93406593406593,69.56521739130434,42.857142857142854,81.31868131868131,62.38,GOOD,28
BAJAJHLDNG,Bajaj Holdings & Investment Ltd,13.1,14.8,,1733,1554.0,7486,666.0,89.67109059434507,431.9676860934795,59712.0,47.0,72533.0,72533.0,0.0006479809190299587,1941.0,14.0,,,,,,,,42.22222222222222,41.208791208791204,100.0,28.57142857142857,92.3076923076923,60.86,GOOD,29
TORNTPHARM,Torrent Pharmaceuticals Ltd,23.2,24.2,,11302,3640.0,1862,55.0,32.20668908157848,16.474960184038224,7335.0,3128.0,15088.0,15088.0,0.2073170731707317,3266.0,327.0,,,,,,,,78.33333333333333,67.03296703296702,59.78260869565217,39.56043956043956,49.45054945054945,58.83,GOOD,30
ADANIPORTS,Adani Ports & Special Economic Zone Ltd,12.9,18.1,,28443,17165.0,9743,45.0,60.348767710860315,34.25447386000071,56744.0,50485.0,126015.0,126015.0,0.4006269094949014,15018.0,450.0,,,,,,,,60.0,39.56043956043956,93.47826086956522,71.42857142857143,28.57142857142857,58.61,GOOD,31
SIEMENS,Siemens Ltd,25.6,19.1,,22240,3104.0,2718,76.0,13.956834532374101,12.221223021582734,15286.0,279.0,25299.0,25299.0,0.011028103877623622,1670.0,644.0,,,,,,,,64.44444444444444,72.52747252747253,44.565217391304344,24.175824175824175,83.51648351648352,57.85,GOOD,32
ICICIGI,ICICI Lombard General Insurance Company Ltd,22.5,17.0,,23301,19938.0,2518,51.0,85.5671430410712,10.806403158662718,13130.0,0.0,68014.0,68014.0,0.0,2407.0,131.0,,,,,,,,53.333333333333336,63.73626373626373,39.130434782608695,32.967032967032964,97.25274725274726,57.28,GOOD,33
ATGL,Adani Total Gas Ltd,21.2,20.5,,4826,1153.0,668,6.0,23.891421467053462,13.841690841276419,3801.0,1457.0,6842.0,6842.0,0.21294942999123062,,,,,,,,,,70.0,60.43956043956044,51.08695652173913,,47.25274725274725,57.19,GOOD,34
ADANIGREEN,Adani Green Energy Ltd,96.5,14.7,,10782,8100.0,1928,9.0,75.12520868113522,17.881654609534408,8992.0,67430.0,98258.0,98258.0,0.6862545543365426,7713.0,606.0,,,,,,,,41.11111111111111,98.9010989010989,68.47826086956522,60.43956043956044,14.285714285714292,56.64,GOOD,35
ICICIBANK,ICICI Bank Ltd,7.6,18.8,,180551,125722.0,52416,70.0,69.63240303293806,29.031132477804057,254739.0,1651008.0,2364063.0,2364063.0,0.6983773275077695,157284.0,26312.0,,,,,,,,62.22222222222222,14.285714285714285,92.3913043478261,98.9010989010989,13.186813186813183,56.2,GOOD,36
IOC,Indian Oil Corporation,21.31,25.44,,761485,32930.0,10909,8.0,4.324444998916591,1.4325955205946275,167594.0,163401.0,510310.0,510310.0,0.32019948658658465,71099.0,250.0,,,,,,,,80.0,61.53846153846154,4.3478260869565215,95.6043956043956,37.362637362637365,55.77,GOOD,37
DIVISLAB,Divis Laboratories Ltd,16.5,12.2,,8614,2558.0,1836,69.0,29.69584397492454,21.31413977246343,13664.0,8.0,15586.0,15586.0,0.0005132811497497754,1261.0,193.0,,,,,,,,30.555555555555557,50.54945054945055,76.08695652173914,21.978021978021978,93.4065934065934,54.52,GOOD,38
DABUR,Dabur India Ltd,22.3,19.2,,12447,2341.0,1760,10.0,18.807744838113603,14.139953402426286,10185.0,1752.0,16373.0,16373.0,0.10700543577841569,2013.0,-119.0,,,,,,,,65.55555555555556,62.637362637362635,53.2608695652174,30.76923076923077,57.142857142857146,53.87,GOOD,39
SBILIFE,SBI Life Insurance Company Ltd,13.2,12.0,,130073,1007.0,2411,24.0,0.7741806524028815,1.8535745312247738,15257.0,0.0,448497.0,448497.0,0.0,29122.0,-2327.0,,,,,,,,28.888888888888886,43.956043956043956,7.608695652173914,89.01098901098901,97.25274725274726,53.34,GOOD,40
TRENT,Trent Ltd,23.8,27.2,,15025,2354.0,1809,51.0,15.667221297836939,12.039933444259567,4644.0,1842.0,8274.0,8274.0,0.2226250906453952,1349.0,211.0,,,,,,,,84.44444444444444,69.23076923076923,41.30434782608695,23.076923076923077,46.15384615384615,52.84,GOOD,41
BOSCHLTD,Bosch Ltd,20.6,16.0,,17150,2216.0,2084,707.0,12.921282798833818,12.151603498542274,12708.0,31.0,18521.0,18521.0,0.0016737757140543167,1253.0,84.0,,,,,,,,48.888888888888886,58.24175824175825,43.47826086956522,20.87912087912088,90.1098901098901,52.32,GOOD,42
HAVELLS,Havells India Ltd,24.4,18.0,,20677,2008.0,1400,22.0,9.711273395560283,6.770808144314939,7731.0,332.0,12843.0,12843.0,0.025850657945962783,1953.0,-199.0,,,,,,,,58.88888888888889,70.32967032967034,23.91304347826087,29.67032967032967,75.82417582417582,51.73,GOOD,43
ONGC,Oil & Natural Gas Corpn Ltd,19.71,14.32,,658694,85870.0,42320,33.0,13.036402335530612,6.424834596944863,345986.0,191489.0,757614.0,757614.0,0.2527527210426418,99263.0,-3591.0,,,,,,,,38.88888888888889,56.043956043956044,21.73913043478261,97.8021978021978,43.956043956043956,51.69,GOOD,44
SBIN,State Bank of India,6.16,17.3,,469625,-59190.0,74461,80.0,-12.60367314346553,15.855416555762577,,,,,,21632.0,8260.0,,,,,,,,55.55555555555556,7.6923076923076925,57.608695652173914,83.51648351648352,,51.09,GOOD,45
KOTAKBANK,Kotak Mahindra Bank Ltd,7.86,15.1,,64053,50872.0,22530,113.0,79.42172888077062,35.173996534120185,128978.0,520374.0,767667.0,767667.0,0.6778642301935605,15685.0,22281.0,,,,,,,,44.44444444444444,17.582417582417584,95.65217391304348,74.72527472527473,15.384615384615387,49.56,AVERAGE,46
HDFCBANK,HDFC Bank Ltd,7.67,17.1,,329022,206009.0,72168,91.0,62.61253046908717,21.934095592391998,455636.0,3107503.0,4030194.0,4030194.0,0.7710554380260602,19069.0,31687.0,,,,,,,,54.44444444444444,15.934065934065933,78.26086956521739,80.21978021978022,8.791208791208788,47.53,AVERAGE,47
GAIL,GAIL (India) Ltd,14.7,14.0,,136081,16784.0,11541,18.0,12.333830586194987,8.48097824090064,77234.0,19632.0,128989.0,128989.0,0.1521990247230384,12586.0,902.0,,,,,,,,36.666666666666664,48.35164835164835,30.434782608695656,68.13186813186813,53.84615384615385,47.49,AVERAGE,48
LT,Larsen & Toubro Ltd,17.18,10.49,,238881,30815.0,16150,98.0,12.899728316609524,6.760688376220796,21045.0,2326.0,28761.0,28761.0,0.08087340495810298,18266.0,-4968.0,,,,,,,,21.11111111111111,51.64835164835166,22.82608695652174,79.12087912087912,62.08791208791209,47.36,AVERAGE,49
BHARTIARTL,Bharti Airtel Ltd,13.1,14.9,,155478,80733.0,13816,22.0,51.92567437193687,8.886144663553686,84202.0,225541.0,460982.0,460982.0,0.48926205361597636,78898.0,31.0,,,,,,,,43.333333333333336,41.208791208791204,33.69565217391305,96.7032967032967,20.879120879120876,47.16,AVERAGE,50
AMBUJACEM,Ambuja Cements Ltd,12.8,9.24,,32850,5822.0,3871,13.0,17.72298325722983,11.78386605783866,49883.0,779.0,76572.0,76572.0,0.01017343154155566,5646.0,2394.0,,,,,,,,16.666666666666664,38.46153846153847,40.21739130434783,48.35164835164835,84.61538461538461,45.66,AVERAGE,51
RELIANCE,Reliance Industries Ltd,9.61,9.25,,939838,164128.0,79941,51.0,17.4634351877664,8.505827600075758,812687.0,357525.0,1815123.0,1815123.0,0.1969701226859006,158788.0,28561.0,,,,,,,,17.77777777777778,24.175824175824175,31.521739130434785,100.0,51.64835164835165,45.02,AVERAGE,52
NHPC,NHPC Ltd,7.67,9.61,,9690,5015.0,3417,3.0,51.75438596491229,35.26315789473684,30104.0,34210.0,97681.0,97681.0,0.35022163982760207,6938.0,388.0,,,,,,,,18.88888888888889,15.934065934065933,96.73913043478261,58.24175824175825,32.96703296703298,44.55,AVERAGE,53
DMART,Avenue Supermarts Ltd,19.4,14.5,,57213,4476.0,2720,42.0,7.823396780451995,4.754164263366718,19487.0,713.0,23040.0,23040.0,0.030946180555555557,2746.0,130.0,,,,,,,,40.0,54.94505494505495,14.130434782608695,38.46153846153847,72.52747252747253,44.01,AVERAGE,54
JIOFIN,Jio Financial Services Ltd,2.16,1.82,,1968,1531.0,1607,3.0,77.79471544715447,81.65650406504065,130791.0,0.0,144222.0,144222.0,0.0,-678.0,11.0,,,,,,,,3.3333333333333335,2.197802197802198,98.91304347826086,17.582417582417584,97.25274725274726,43.86,AVERAGE,55
SHREECEM,Shree Cement Ltd,14.8,12.2,,19802,4226.0,1733,480.0,21.34127865872134,8.751641248358752,20843.0,1682.0,27859.0,27859.0,0.06037546214867727,3347.0,220.0,,,,,,,,30.555555555555557,49.45054945054945,32.608695652173914,40.65934065934066,65.93406593406593,43.84,AVERAGE,56
JINDALSTEL,Jindal Steel & Power Ltd,13.2,14.1,,50019,10327.0,5060,50.0,20.646154461304704,10.116155860772906,47240.0,17266.0,82771.0,82771.0,0.20859963030530015,6008.0,-955.0,,,,,,,,37.77777777777778,43.956043956043956,36.95652173913043,50.54945054945055,48.35164835164834,43.52,AVERAGE,57
TITAN,Titan Company Ltd,22.7,32.9,,54458,5239.0,3243,37.0,9.620257813360755,5.955047926842704,9647.0,21648.0,38826.0,38826.0,0.5575645186215422,1695.0,177.0,,,,,,,,90.0,64.83516483516483,18.478260869565215,25.274725274725274,17.58241758241759,43.23,AVERAGE,58
NTPC,NTPC Ltd,10.58,12.52,,185892,52392.0,22546,23.0,28.184106900781096,12.12854775891378,158575.0,242009.0,492230.0,492230.0,0.49165837108668714,40785.0,398.0,,,,,,,,32.22222222222222,28.57142857142857,42.391304347826086,92.3076923076923,19.78021978021978,43.05,AVERAGE,59
DLF,DLF Ltd,5.74,6.95,,7001,1885.0,4004,16.0,26.9247250392801,57.19182973860877,39732.0,4290.0,62579.0,62579.0,0.0685533485674108,2539.0,1186.0,,,,,,,,8.88888888888889,6.593406593406594,97.82608695652173,35.16483516483517,63.73626373626374,42.44,AVERAGE,60
LODHA,Macrotech Developers Ltd,11.1,10.7,,13574,3812.0,2511,25.0,28.08310004420215,18.498600265212907,17189.0,7990.0,47385.0,47385.0,0.1686187612113538,2512.0,516.0,,,,,,,,22.22222222222222,31.318681318681318,70.65217391304348,34.065934065934066,52.74725274725275,42.2,AVERAGE,61
BAJFINANCE,Bajaj Finance Ltd,11.9,22.1,,62279,18943.0,15389,248.0,30.416352221455067,24.709773760015413,86679.0,324218.0,420656.0,420656.0,0.770743790650793,-72760.0,2484.0,,,,,,,,73.33333333333333,36.81318681318682,84.78260869565217,2.197802197802198,9.890109890109883,41.4,AVERAGE,62
M&M,Mahindra & Mahindra Ltd,26.98,17.99,,145893,27204.0,13009,95.0,18.64654232896712,8.916808894189577,69944.0,116844.0,255280.0,255280.0,0.4577091820745848,-5630.0,1037.0,,,,,,,,57.77777777777777,75.82417582417582,34.78260869565217,13.186813186813188,24.175824175824175,41.15,AVERAGE,63
RECLTD,REC Ltd,10.0,22.2,,51490,50860.0,14885,57.0,98.77646144882502,28.908525927364536,70877.0,483617.0,595227.0,595227.0,0.8124917048453784,-57723.0,34.0,,,,,,,,74.44444444444444,26.373626373626376,91.30434782608695,4.395604395604396,7.692307692307693,40.84,AVERAGE,64
TECHM,Tech Mahindra Ltd,11.9,8.63,,52476,6223.0,3775,38.0,11.858754478237671,7.193764768656148,26004.0,2035.0,42827.0,42827.0,0.047516753449926445,6376.0,291.0,,,,,,,,14.444444444444443,36.81318681318682,27.173913043478258,56.043956043956044,69.23076923076923,40.74,AVERAGE,65
HINDALCO,Hindalco Industries Ltd,11.3,10.2,,224018,196087.0,12488,56.0,87.53180547991678,5.574552044924961,114954.0,60959.0,252264.0,252264.0,0.24164763898138458,24056.0,-1028.0,,,,,,,,20.0,33.51648351648351,16.304347826086957,85.71428571428571,45.05494505494505,40.12,AVERAGE,66
HDFCLIFE,HDFC Life Insurance Company Ltd,6.61,11.4,,100772,100048.0,1747,8.0,99.28154646131861,1.7336164807684673,13452.0,950.0,336755.0,336755.0,0.002821042003830678,10721.0,-3296.0,,,,,,,,24.444444444444443,9.89010989010989,6.521739130434782,64.83516483516483,89.01098901098901,38.94,AVERAGE,67
CANBK,Canara Bank,6.63,17.9,,119392,48026.0,16571,18.0,40.22547574376843,13.879489413025997,90319.0,1369780.0,1535018.0,1535018.0,0.8923543567567286,15046.0,9462.0,,,,,,,,56.666666666666664,10.989010989010989,52.17391304347826,72.52747252747253,0.0,38.47,AVERAGE,68
IRFC,Indian Railway Finance Corporation Ltd,5.73,13.7,,26902,26758.0,6537,5.0,99.46472381235596,24.299308601590962,38396.0,403111.0,494348.0,494348.0,0.8154397307160138,7914.0,-140.0,,,,,,,,34.44444444444444,5.4945054945054945,82.6086956521739,61.53846153846154,6.593406593406598,38.14,AVERAGE,69
MOTHERSON,Samvardhana Motherson International Ltd,13.7,11.8,,109382,10474.0,4123,6.0,9.575615732021722,3.769358761039294,31930.0,25417.0,97879.0,97879.0,0.2596777654042236,7569.0,2205.0,,,,,,,,27.77777777777778,47.25274725274725,11.956521739130435,59.34065934065934,42.85714285714286,37.84,AVERAGE,70
PFC,Power Finance Corporation Ltd,9.96,19.49,,98152,35764.0,28248,64.0,36.43736245822806,28.77985165865189,106746.0,910447.0,1103361.0,1103361.0,0.825157858579377,-97820.0,32.0,,,,,,,,66.66666666666666,25.274725274725274,90.21739130434783,1.098901098901099,5.494505494505503,37.75,AVERAGE,71
NAUKRI,Info Edge (India) Ltd,3.65,2.44,,2662,751.0,551,36.0,28.211870773854248,20.698722764838468,41659.0,256.0,50186.0,50186.0,0.005101024190013151,702.0,-29.0,,,,,,,,4.444444444444445,4.395604395604396,72.82608695652173,18.681318681318682,86.81318681318682,37.43,AVERAGE,72
SHRIRAMFIN,Shriram Finance Ltd,11.3,15.9,,39864,11416.0,9454,50.0,28.637367047963075,23.715633152719246,52016.0,207820.0,275087.0,275087.0,0.7554700876449996,-31101.0,-3750.0,,,,,,,,47.77777777777778,33.51648351648351,81.52173913043478,6.593406593406594,12.087912087912088,36.3,AVERAGE,73
JSWENERGY,JSW Energy Ltd,8.59,8.4,,11416,5382.0,1988,11.0,47.14435879467414,17.41415557112824,26226.0,30853.0,64932.0,64932.0,0.4751586274872174,6234.0,-289.0,,,,,,,,12.222222222222221,19.78021978021978,66.30434782608695,54.94505494505495,23.076923076923066,35.27,AVERAGE,74
TATAPOWER,Tata Power Company Ltd,11.1,11.3,,63489,11057.0,4403,12.0,17.415615303438393,6.935059616626502,33360.0,58314.0,145130.0,145130.0,0.4018052780265968,12596.0,-928.0,,,,,,,,23.333333333333332,31.318681318681318,25.0,69.23076923076923,27.472527472527474,35.27,AVERAGE,75
ADANIENT,Adani Enterprises Ltd,11.6,13.64,,102311,13893.0,6086,49.0,13.579185033867326,5.948529483633235,41782.0,80427.0,181768.0,181768.0,0.4424706218916421,10312.0,424.0,,,,,,,,33.33333333333333,35.16483516483517,17.391304347826086,63.73626373626373,25.27472527472527,34.98,WEAK,76
JSWSTEEL,JSW Steel Ltd,13.36,11.66,,170274,22478.0,3312,14.0,13.201075912940318,1.9451002501849959,79361.0,95258.0,233168.0,233168.0,0.4085380498181569,12078.0,-7394.0,,,,,,,,25.555555555555554,46.15384615384615,8.695652173913043,65.93406593406593,26.373626373626365,34.54,WEAK,77
AXISBANK,Axis Bank Ltd,7.06,18.4,,120659,44566.0,26386,85.0,36.935495901673306,21.86824024730853,156406.0,1295302.0,1518239.0,1518239.0,0.8531608001111814,-5555.0,7785.0,,,,,,,,61.111111111111114,13.186813186813188,77.17391304347827,14.285714285714285,3.296703296703299,33.81,WEAK,78
CHOLAFIN,Cholamandalam Investment & Finance Company Ltd,10.4,20.2,,22502,6452.0,3852,46.0,28.673006843836102,17.118478357479336,21243.0,157943.0,181945.0,181945.0,0.8680810134930885,-35683.0,-66.0,,,,,,,,68.33333333333333,27.472527472527474,63.04347826086957,5.4945054945054945,2.197802197802204,33.31,WEAK,79
APOLLOHOSP,"Apollo Hospitals
Chain of Indian private hospitals",17.2,13.81,,20469,2745.0,1224,82.0,13.410523230250623,5.979774292833065,7429.0,7371.0,19548.0,19548.0,0.3770718232044199,1920.0,72.0,,,,,,,,35.55555555555556,52.74725274725275,19.565217391304348,26.373626373626376,29.670329670329664,32.78,WEAK,80
GODREJCP,Godrej Consumer Products Ltd,26.49,6.77,,14152,2996.0,-453,-4.0,21.17015262860373,-3.2009609949123803,12068.0,3828.0,18984.0,18984.0,0.20164348925410872,2070.0,41.0,,,,,,,,6.666666666666667,73.62637362637363,1.0869565217391304,31.868131868131865,50.54945054945055,32.76,WEAK,81
BAJAJFINSV,Bajaj Finserv Ltd,21.14,11.72,,126263,45479.0,16520,53.0,36.01926138298631,13.083801271948234,68165.0,318675.0,601195.0,601195.0,0.5300692786866158,-68674.0,3075.0,,,,,,,,26.666666666666668,59.34065934065934,48.91304347826087,3.296703296703297,18.681318681318686,31.38,WEAK,82
TATACONSUM,Tata Consumer Products Ltd,10.6,8.32,,16297,2496.0,1170,12.0,15.315702276492607,7.1792354421059095,19033.0,2955.0,30970.0,30970.0,0.0954149176622538,1937.0,281.0,,,,,,,,11.11111111111111,29.67032967032967,26.08695652173913,27.472527472527474,59.34065934065934,30.74,WEAK,83
ICICIPRULI,ICICI Prudential Life Insurance Company Ltd,8.75,8.07,,77572,77251.0,974,7.0,99.5861908936214,1.2556076934976539,10130.0,0.0,326838.0,326838.0,0.0,-7315.0,17.0,,,,,,,,10.0,20.87912087912088,3.260869565217391,10.989010989010989,97.25274725274726,28.48,WEAK,84
INDUSINDBK,IndusInd Bank Ltd,7.93,15.2,,49004,20104.0,8122,104.0,41.02522243082197,16.57415721165619,62019.0,432404.0,514935.0,514935.0,0.8397254022352336,-16843.0,-19710.0,,,,,,,,45.55555555555556,18.681318681318682,60.86956521739131,8.791208791208792,4.395604395604394,27.66,WEAK,85
TATASTEEL,Tata Steel Ltd,7.02,6.55,,221012,25314.0,2527,2.0,11.453676723435832,1.1433768302173637,88900.0,99392.0,280841.0,280841.0,0.3539084392948323,20301.0,-5049.0,,,,,,,,5.555555555555555,12.087912087912088,2.1739130434782608,81.31868131868131,30.769230769230774,26.38,WEAK,86
BANKBARODA,Bank of Baroda,6.33,16.7,,124144,46459.0,20144,39.0,37.423475963397344,16.226317824461916,118677.0,1453761.0,1654775.0,1654775.0,0.8785248749830037,-6274.0,-2084.0,,,,,,,,50.55555555555556,8.791208791208792,58.69565217391305,12.087912087912088,1.098901098901095,26.25,WEAK,87
ADANIENSOL,Adani Energy Solutions Ltd,9.0,8.59,,22099,6592.0,589,6.0,29.829404045431918,2.665278971899181,19784.0,39009.0,69107.0,69107.0,0.5644724846976428,6038.0,551.0,,,,,,,,13.333333333333334,21.978021978021978,9.782608695652174,52.197802197802204,16.483516483516482,22.76,WEAK,88
TVSMOTOR,TVS Motor Company Ltd,,,,42886,6190.0,2094,42.0,14.433614699435712,4.882712307046589,7712.0,14619.0,44946.0,44946.0,0.3252569750367107,-1253.0,505.0,,,,,,,,,,15.217391304347828,16.483516483516482,36.26373626373627,22.65,WEAK,89
GRASIM,Grasim Industries Ltd,9.3,6.9,,137116,27506.0,8693,67.0,20.060386825753376,6.339887394614779,92784.0,158159.0,448454.0,448454.0,0.3526760827197438,-10719.0,75.0,,,,,,,,7.777777777777778,23.076923076923077,20.652173913043477,9.89010989010989,31.86813186813187,18.65,WEAK,90
PNB,Punjab National Bank,1.63,8.7,,116126,,14535,13.0,,12.516576821728123,14673.0,55017.0,72371.0,72371.0,0.7602078180486659,-27939.0,-25928.0,,,,,,,,15.555555555555555,1.098901098901099,47.82608695652174,7.6923076923076925,10.989010989010993,16.63,WEAK,91
BHEL,Bharat Heavy Electricals Limited,3.28,1.05,,25833,1050.0,445,1.0,4.064568575078388,1.7226028722951263,23503.0,9128.0,61793.0,61793.0,0.14771899729742852,-3713.0,274.0,,,,,,,,2.2222222222222223,3.296703296703297,5.434782608695652,15.384615384615385,54.94505494505494,16.26,WEAK,92
